source,target,weight
0,633,0
0,1862,0
0,2582,0
0,2212,1
1,2,0
1,652,0
1,654,0
2,1986,0
2,332,0
2,1666,0
2,1454,0
3,2544,0
4,2176,0
4,1016,0
4,1761,0
4,1256,0
4,2175,0
5,1629,0
5,2546,0
5,1659,0
6,1416,0
6,1602,0
6,1042,0
6,373,0
7,208,0
7,1869,1
8,281,0
8,1996,0
8,269,0
9,2614,0
9,723,0
10,476,0
10,2545,0
11,1655,0
11,1839,0
11,1570,1
12,2661,0
12,1001,0
12,1318,0
12,2662,0
12,665,1
13,1810,0
13,1701,0
14,2034,0
14,2075,0
14,158,0
14,2077,0
14,2668,0
15,2367,0
15,1093,0
15,1090,0
15,1271,0
15,2628,1
15,1684,1
16,2444,0
16,1632,0
16,970,0
16,2642,0
17,24,0
17,2140,0
17,1316,0
17,1315,0
17,927,0
18,2082,0
18,139,0
18,1786,0
18,1560,0
18,2145,0
18,107,1
19,1939,0
19,1148,1
20,1072,0
20,2374,0
20,2375,0
20,2269,0
20,2270,0
21,1043,0
21,2310,0
22,1703,0
22,1702,0
22,2238,0
22,39,0
22,1234,0
23,2159,0
23,2009,1
24,1701,0
24,2139,0
24,1636,0
24,2141,0
24,598,0
24,201,0
25,1344,0
25,2011,0
25,1301,0
25,2317,0
26,2454,0
26,2455,0
26,123,0
26,99,0
26,122,0
26,867,1
27,1810,0
27,606,0
27,2360,0
27,2578,0
28,1687,0
28,1922,1
29,963,0
29,2645,0
30,1358,0
30,1416,0
30,2162,0
30,697,0
30,2343,0
30,738,0
31,1594,0
31,739,1
31,1132,1
31,1694,1
31,317,1
32,1973,0
32,279,0
32,518,0
32,1850,0
33,2119,0
33,911,0
33,588,0
33,1051,0
33,2120,0
33,286,0
33,2040,0
33,2121,0
33,698,0
34,1358,0
35,1296,0
35,1913,0
35,895,0
35,1042,1
36,1146,0
36,1640,0
36,1505,0
36,2106,0
36,1781,0
36,2094,0
36,1552,0
36,2107,0
36,393,1
37,2427,0
37,1190,0
37,60,0
37,1642,1
38,429,0
38,1160,0
38,862,0
38,863,0
39,1634,0
39,1965,0
39,1349,0
39,1532,0
39,1522,0
39,2357,0
40,507,0
40,866,0
40,1364,0
41,1914,0
41,644,0
41,175,0
41,596,0
42,1372,0
42,87,0
42,1743,1
42,799,1
43,963,0
43,2399,0
43,2400,0
43,152,0
43,1653,0
43,1530,0
44,1582,0
44,2624,0
44,2701,0
44,1463,1
45,1986,0
45,733,0
45,2303,0
45,1219,0
45,2667,0
45,2668,0
46,2366,0
46,1604,0
47,1579,0
47,163,0
47,1359,1
48,598,0
48,1666,0
48,2471,0
48,2205,0
48,1031,0
48,2041,0
48,1662,0
48,714,0
48,2206,0
49,2034,0
49,1666,0
49,1512,1
50,1441,0
51,710,0
51,2214,0
51,2215,0
51,2213,0
51,457,0
51,1392,0
51,600,1
52,1467,0
52,2172,0
52,2182,0
52,1139,0
52,2053,0
53,1358,0
53,1103,0
53,1739,0
54,767,0
54,401,0
55,210,0
55,1983,0
55,787,0
55,2020,0
55,1156,0
55,771,0
55,60,0
55,815,0
55,2021,0
55,323,0
55,651,0
55,1079,0
56,1616,0
56,412,0
56,447,0
56,1849,0
57,2418,0
57,1729,1
58,1715,0
59,1358,0
59,1725,0
59,1627,0
59,609,0
59,615,0
59,1287,0
59,2651,0
59,105,0
59,580,0
59,1067,0
60,1527,0
61,1416,0
61,1309,0
61,2162,0
61,2312,0
61,1080,0
62,485,0
63,1322,0
64,1737,0
64,1209,0
64,2616,0
64,2623,1
65,1628,0
65,2418,0
65,2419,0
65,543,0
65,619,0
65,1293,0
65,1156,0
65,771,0
65,2021,0
65,239,0
66,2631,0
66,1742,1
67,540,0
67,282,0
67,2628,0
67,1929,1
67,2622,1
68,1358,0
68,1986,0
68,391,0
68,1431,1
69,1013,0
69,1914,0
69,1926,0
69,1351,0
69,604,0
69,1920,0
69,2189,0
70,441,0
70,2184,0
70,288,1
71,1986,0
71,206,0
71,2691,0
72,1358,0
72,1103,0
73,1358,0
73,797,0
73,449,0
73,1136,0
73,558,0
73,1723,0
73,1189,0
73,876,0
73,1214,0
73,1745,0
73,1751,0
73,1035,0
73,2478,1
74,1416,0
74,586,0
74,1042,0
74,2155,0
74,544,0
74,2419,0
74,1118,0
74,1517,0
74,2052,0
75,2222,0
75,2223,0
75,2224,0
75,2225,0
75,84,0
75,583,0
76,88,0
76,2018,0
76,2178,0
77,659,0
77,1803,0
77,677,1
78,1418,0
78,1329,0
78,1219,0
79,2097,0
79,603,0
79,1517,1
80,257,0
80,2049,0
80,1117,0
81,2180,0
81,347,0
81,527,0
81,423,0
82,1634,0
82,1138,0
82,1708,1
83,1520,0
83,2581,0
84,2224,0
84,284,0
84,2223,0
84,2226,0
84,1791,1
85,1065,0
85,2487,0
85,2488,0
86,1336,0
86,2034,0
86,429,0
86,2295,0
87,842,0
87,2164,0
88,2010,0
88,130,0
88,2011,0
88,1677,0
88,2012,0
88,2013,0
88,1713,0
88,1658,0
88,1394,0
88,1288,0
88,498,0
88,696,0
88,1882,0
88,851,0
88,743,0
88,2014,0
88,1732,0
88,162,0
88,841,0
88,1494,0
88,1908,0
88,1741,0
88,1174,0
88,1309,0
88,300,0
88,1527,0
88,1847,0
88,815,0
88,2015,0
88,2016,0
88,2017,0
88,415,0
88,737,0
88,2394,0
88,2178,0
88,2559,1
89,1087,0
89,884,0
89,1401,0
89,2463,0
89,1157,0
89,1094,0
89,258,0
89,1653,0
89,1530,0
89,1585,0
90,1358,0
90,817,0
90,155,0
90,156,0
91,2122,0
91,2001,0
91,330,0
91,2380,0
91,2123,0
91,1046,0
92,898,0
92,1836,0
93,2151,0
93,550,0
93,1495,0
93,950,0
94,1966,0
94,586,0
94,733,0
94,1649,0
94,2490,0
94,195,0
94,2355,0
94,934,0
94,2263,0
94,2357,0
94,675,0
95,1535,0
95,1838,0
95,2200,0
95,2201,0
95,2197,0
95,2199,0
95,2181,0
95,2054,0
95,861,0
95,334,0
95,1303,0
95,734,0
95,736,0
95,2074,0
95,1628,0
95,1602,0
95,693,0
95,456,0
95,2183,0
95,2182,0
95,1580,0
95,1563,1
95,1005,1
95,1451,1
96,2217,0
96,302,1
97,661,0
97,1353,0
98,1521,0
99,123,0
99,2454,0
99,2455,0
99,122,0
99,2604,0
99,1193,1
100,1602,0
100,2056,0
101,1358,0
101,281,0
101,1589,0
101,2683,1
102,1623,0
102,109,0
102,1878,0
102,1448,0
102,2256,0
102,1251,0
102,1871,0
102,1561,0
103,139,0
103,484,0
103,306,0
103,608,0
103,1790,0
103,1775,0
103,272,1
104,2210,0
104,864,0
104,401,0
104,1065,0
104,491,1
105,1721,0
105,2651,0
105,2476,0
106,2461,0
106,1063,1
106,1777,1
107,541,0
107,1113,0
107,971,0
107,1650,0
108,2157,0
108,1647,0
108,2209,0
109,1624,0
109,2045,0
109,236,0
109,306,0
109,124,0
109,1769,0
109,289,0
109,2092,0
109,459,0
109,318,0
109,2093,0
109,1772,0
109,1045,0
109,1785,0
109,1337,0
109,1998,0
109,1787,0
109,610,0
109,1789,0
109,1779,0
109,1346,0
109,153,0
109,519,0
109,133,0
109,1805,0
109,426,0
109,563,0
109,2094,0
109,176,0
109,2095,0
109,1661,0
110,1262,0
110,567,0
110,2279,0
110,1161,0
110,1599,0
110,2225,1
111,1358,0
111,1169,0
111,2643,0
111,758,0
111,2492,0
111,1762,0
112,1623,0
112,487,0
112,306,0
112,2080,0
113,540,0
113,747,0
113,1884,0
114,2288,0
114,610,0
114,2506,0
115,973,0
116,1076,0
116,1501,0
117,259,0
117,2537,0
117,316,1
118,1616,0
118,388,0
118,2010,0
118,842,0
118,2030,0
118,446,0
118,255,0
118,1343,0
118,2165,0
118,554,0
118,581,0
118,1690,0
118,1507,0
118,2112,0
118,1029,0
118,2166,0
118,1538,0
118,454,0
118,1851,0
119,646,0
119,1959,0
119,379,0
119,1549,0
119,1901,0
119,1537,0
120,514,0
120,2405,0
120,1842,0
120,483,0
120,816,0
121,1910,0
121,980,0
121,802,0
121,1158,0
121,2251,0
121,589,0
121,2252,0
122,2454,0
122,2455,0
122,861,1
123,2455,0
123,2604,0
124,306,0
124,1367,0
124,1622,0
124,2478,0
124,599,1
125,458,0
125,2363,0
126,1623,0
126,2045,0
126,236,0
126,306,0
126,1551,0
126,2079,0
127,2604,0
128,233,0
128,392,0
128,370,0
128,2270,0
128,2385,1
129,441,0
129,701,0
130,2017,0
130,1982,0
130,2148,1
130,641,1
130,1768,1
131,2169,0
131,834,0
131,559,1
132,904,0
132,1022,0
132,1959,0
132,379,0
132,479,0
133,1623,0
133,2045,0
133,1670,0
133,2082,0
133,1777,0
133,452,0
133,399,0
133,1784,0
134,406,0
135,137,0
135,2144,0
135,2095,0
136,831,0
137,2144,0
137,2329,0
137,2504,0
138,236,0
138,306,0
138,1776,0
139,1623,0
139,660,0
139,1780,0
139,910,0
139,2045,0
139,306,0
140,582,0
140,623,0
141,2034,0
141,1002,0
141,740,0
142,2049,0
142,1628,0
142,525,0
142,2181,0
142,456,0
142,1832,1
143,1701,0
143,598,0
143,316,0
144,2192,0
144,1593,0
144,145,0
144,213,0
145,213,0
145,537,0
145,1593,0
145,1165,0
145,2622,0
146,1927,0
146,2059,0
146,897,0
146,1468,0
146,1907,0
147,1976,0
147,1519,0
148,714,0
148,2518,0
148,602,0
148,381,0
148,378,0
149,1416,0
149,2025,0
149,1655,0
149,1080,0
150,310,0
150,1942,0
150,914,0
151,1986,0
151,2236,0
151,2238,0
151,2335,0
152,2238,0
152,2240,0
152,884,0
153,1623,0
153,2045,0
153,236,0
153,459,0
153,306,0
154,1358,0
154,2525,0
154,1444,0
154,1339,0
154,1238,0
154,1568,0
154,364,0
154,326,0
154,1752,0
154,1753,0
154,1754,0
154,819,0
155,1358,0
155,817,0
155,1736,0
155,1689,0
155,1763,0
155,156,0
155,1112,1
156,1358,0
156,817,0
156,1689,0
156,1763,0
157,1701,0
157,598,0
157,1870,0
157,2493,0
158,1701,0
158,2034,0
158,180,0
159,2308,0
159,180,0
160,1986,0
160,745,0
160,277,0
160,743,0
160,2000,0
160,2009,0
160,553,0
160,1061,1
161,2010,0
161,842,0
161,646,1
162,323,0
162,1667,0
162,1174,0
162,1268,0
164,210,0
164,211,0
165,598,0
165,1473,0
165,2706,0
165,2707,0
165,1018,1
166,271,0
166,2617,0
167,2437,0
167,1056,0
167,168,0
167,2482,0
167,391,1
168,2437,0
168,2438,0
169,1994,0
169,2706,0
170,1358,0
170,1067,0
171,790,0
171,1548,0
171,775,0
172,756,0
172,1692,0
172,2187,0
172,240,0
172,512,0
173,1358,0
173,687,0
173,1033,0
173,1586,0
174,1358,0
174,1742,0
174,629,0
174,2334,0
175,1914,0
175,2388,0
175,955,0
175,596,0
175,2217,0
175,2135,0
176,973,0
176,231,0
177,2679,0
177,2682,0
177,1639,0
177,726,0
178,833,0
179,1986,0
179,231,0
179,197,0
180,2037,0
180,1807,0
180,1020,0
180,2076,0
180,791,0
180,2004,0
180,790,0
180,775,0
181,1013,0
181,1464,0
181,1359,0
181,1683,0
182,183,0
182,997,0
183,1837,0
183,997,0
183,977,1
184,520,0
184,1171,1
185,2003,0
185,297,0
186,2702,0
186,1672,0
186,2580,0
186,1228,0
186,1319,0
186,1536,0
187,1208,0
187,1986,1
188,1169,0
188,1727,0
189,1072,0
189,1262,0
189,1509,0
189,564,0
190,2135,0
190,491,0
191,608,0
191,382,0
191,1677,0
191,1998,0
191,2385,0
191,1791,0
192,2472,0
192,336,1
192,538,1
193,441,0
193,458,0
194,1050,0
194,1451,0
194,2646,0
194,2564,0
194,473,0
195,2424,0
195,2398,1
196,429,0
196,2122,0
196,442,0
197,231,0
197,2412,0
198,1255,0
199,1869,0
199,420,0
200,2676,0
200,1439,0
200,924,1
201,1701,0
201,1986,0
201,598,0
201,2430,0
201,570,0
201,297,0
202,1250,0
202,353,0
202,1173,0
202,1345,0
202,2076,1
203,857,0
203,854,0
203,1115,0
203,963,0
203,1869,0
204,415,0
205,1701,0
205,1869,0
205,347,1
206,2691,0
207,833,0
209,2681,0
210,1905,0
210,1614,0
210,1626,0
210,1906,0
210,1907,0
210,1079,0
210,1671,0
210,2309,0
210,1298,1
210,970,1
211,356,0
211,1394,0
211,1908,0
211,1909,0
212,1290,0
213,2192,0
213,1593,0
214,2194,0
215,1701,0
215,1986,0
215,2045,0
216,1701,0
216,1542,0
216,1139,1
217,2473,0
217,2474,0
217,243,0
217,350,1
218,733,0
218,482,0
218,2119,0
218,1382,0
218,1020,0
218,2076,0
218,792,0
218,1348,0
218,781,0
218,2594,0
218,2091,0
218,1286,1
218,1132,1
219,1413,0
219,1542,0
219,507,0
220,913,0
220,376,0
220,817,0
220,622,1
221,817,0
222,821,0
223,1761,0
223,1154,0
223,744,0
224,1810,0
224,2034,0
225,2255,0
225,1836,1
226,1701,0
227,883,0
227,534,0
228,1358,0
228,1871,0
228,1721,0
228,322,0
228,848,0
229,1894,0
229,1053,0
229,1405,0
229,2118,0
230,1810,0
230,549,0
230,577,0
230,1095,0
230,1217,0
231,1701,0
231,387,0
231,232,0
231,2217,0
231,551,0
231,1868,0
232,1701,0
232,1986,0
232,869,0
232,1864,0
234,610,0
234,2591,0
234,657,1
235,1701,0
235,2043,1
236,1072,0
236,2045,0
236,1572,0
236,2046,0
236,2078,0
236,2079,0
236,306,0
237,2539,0
237,2481,1
238,1828,0
238,1450,1
239,2182,0
239,1376,0
239,1274,0
239,619,0
239,1069,0
239,1220,0
239,887,0
239,2418,0
239,1759,0
239,1909,0
239,910,0
239,2021,0
240,756,0
240,1472,0
240,512,0
240,1692,0
241,1441,0
242,1131,0
242,279,0
242,2280,0
242,838,0
243,473,0
243,2647,0
243,2648,0
243,2474,0
243,2445,1
244,1358,0
244,1072,0
244,565,0
244,1610,0
244,2173,1
245,782,0
245,1162,0
246,1358,0
246,1687,0
246,936,0
246,2515,0
247,2583,0
248,1964,0
248,1264,0
248,1531,0
248,2097,1
249,1978,0
249,1884,0
249,621,0
250,2429,0
250,690,1
251,1413,0
251,1542,0
251,507,0
251,1300,0
251,1933,0
251,253,0
251,812,0
251,2113,1
252,1973,0
252,711,0
252,973,0
252,2485,0
253,1413,0
253,507,0
253,1993,1
254,507,0
254,1211,0
255,1343,0
255,2112,0
255,1266,0
256,756,0
257,2180,0
257,1388,0
257,964,0
258,1240,0
258,963,0
258,2645,0
258,1094,0
258,1153,0
258,1401,0
258,595,1
258,1613,1
259,2537,0
260,365,0
260,1361,1
260,527,1
261,1701,0
261,873,0
261,1894,0
261,1479,0
261,888,1
262,1464,0
262,1351,0
263,1103,0
263,364,0
263,732,0
264,1902,0
264,1826,0
264,472,0
264,844,0
265,1441,0
265,1569,1
266,578,0
266,2227,0
266,2229,0
266,809,0
267,670,0
267,2000,0
267,2373,0
267,914,1
268,1740,0
268,2451,0
268,2122,1
269,321,0
269,418,0
269,2543,0
269,2551,0
270,279,0
270,2280,0
270,1195,0
270,1215,0
270,838,0
271,2387,0
271,1970,0
271,638,0
271,2498,0
271,601,1
272,2012,0
273,374,0
273,846,0
273,1662,1
274,749,0
274,748,0
275,1967,0
275,805,0
275,2497,1
276,1463,0
276,1695,0
276,2133,0
277,973,0
277,553,0
277,1869,0
277,696,0
278,1185,0
279,2280,0
279,2344,0
279,1195,0
279,666,0
279,2423,0
279,2165,0
279,304,0
279,838,0
279,502,0
280,2155,0
280,1535,0
281,2247,0
281,2244,0
281,1347,0
281,1000,0
281,1382,0
281,746,0
282,747,0
282,865,1
283,2250,0
283,1559,0
283,315,1
284,2222,0
284,2223,0
284,2226,0
284,2224,0
284,2225,0
284,583,0
285,1999,0
285,502,0
286,442,0
286,698,0
287,2705,0
287,1776,1
288,618,0
289,1358,0
289,1722,0
290,687,0
290,2359,0
290,1765,0
290,328,0
290,567,0
290,2428,1
291,1692,0
292,2562,0
292,719,1
293,2038,0
294,306,0
294,2047,0
295,1177,0
295,1176,0
296,2685,0
296,732,0
297,1542,0
297,598,0
297,899,0
298,1325,0
298,1095,0
298,607,0
299,2383,0
299,2498,0
299,1484,0
299,2386,0
299,2387,0
300,415,0
300,634,0
301,1169,0
301,2492,0
302,306,0
302,1158,0
302,719,0
302,350,0
302,1253,0
303,2143,0
303,1670,0
303,719,0
304,1857,0
304,1172,0
304,2423,0
305,1416,0
305,1927,0
305,1496,1
305,1225,1
306,1072,0
306,2045,0
306,973,0
306,608,0
306,542,0
306,655,0
306,1572,0
306,1770,0
306,573,0
306,2084,0
306,1551,0
306,1797,0
306,1656,0
306,2085,0
306,958,0
306,1856,0
306,1584,0
306,1771,0
306,1651,0
306,2086,0
306,1009,0
306,1193,0
306,2087,0
306,1640,0
306,2046,0
306,1772,0
306,1483,0
306,1798,0
306,2078,0
306,1045,0
306,1490,0
306,1799,0
306,1158,0
306,2088,0
306,2080,0
306,329,0
306,1245,0
306,2089,0
306,1705,0
306,1775,0
306,1787,0
306,350,0
306,887,0
306,1251,0
306,1802,0
306,417,0
306,554,0
306,476,0
306,1779,0
306,1346,0
306,581,0
306,1781,0
306,452,0
306,1804,0
306,487,0
306,519,0
306,308,0
306,1805,0
306,1782,0
306,426,0
306,656,0
306,2090,0
306,2048,0
306,2091,0
306,1367,0
306,719,0
306,910,0
307,991,0
307,1849,1
308,2045,0
308,1670,0
308,350,0
308,1253,0
308,1418,1
309,2305,0
309,2268,0
309,383,0
309,674,1
310,1241,0
310,352,0
310,990,0
310,1947,0
310,1948,0
310,1815,0
310,892,0
310,1949,0
310,1581,0
310,1272,0
310,1944,0
310,1945,0
310,1946,0
310,1950,0
310,1331,0
310,875,0
311,343,0
311,690,0
311,1132,0
311,1865,0
312,1740,0
312,1610,0
312,1722,0
313,2296,0
314,1623,0
314,2000,0
315,1921,0
315,408,0
315,2232,0
315,423,0
315,1602,0
315,2530,1
316,598,0
316,766,0
316,1073,0
316,920,0
316,1821,0
316,2004,0
316,1297,0
316,845,0
316,1868,0
317,1624,0
317,1785,0
318,1701,0
318,2045,0
318,563,0
319,1205,0
320,1597,0
320,348,0
320,1681,1
321,1450,0
321,1083,0
321,431,1
321,2476,1
322,1411,1
323,2020,0
323,498,0
323,2022,0
324,2194,0
324,827,0
324,2156,0
325,787,0
325,1848,0
326,1358,0
326,1754,0
327,928,0
327,1996,0
327,1325,0
327,2063,0
327,2064,0
328,1250,0
328,951,0
328,1044,1
328,1122,1
329,2598,0
329,1798,0
329,2479,1
330,1505,0
330,2123,0
331,1527,0
331,2480,0
331,1000,1
332,2615,0
332,665,0
332,2003,0
332,2122,0
333,1358,0
333,1694,0
334,1013,0
334,693,0
334,625,1
335,1701,0
335,1986,0
336,1944,0
336,1950,0
337,1358,0
337,1776,0
337,1214,0
337,1499,0
338,1413,0
338,1542,0
338,1934,0
338,1150,1
339,813,0
340,584,0
340,2463,0
340,1270,1
340,2062,1
341,1358,0
341,2045,0
341,613,0
341,1546,0
341,1389,0
342,1072,0
342,1512,0
342,1213,1
343,1701,0
344,661,0
344,441,0
344,854,0
344,2323,0
344,389,0
344,1458,1
345,833,0
345,1465,1
346,1358,0
346,999,0
347,525,0
347,408,0
347,423,0
348,2248,0
348,2250,0
348,1643,0
348,2630,1
349,465,0
349,2427,0
349,419,0
349,1383,1
350,1623,0
350,2084,0
350,2085,0
350,1640,0
350,2089,0
350,1775,0
350,1778,0
350,1782,0
350,656,0
350,2090,0
350,406,0
350,730,1
351,1810,0
351,1280,1
352,1944,0
352,1294,0
353,2507,0
353,1173,0
353,1345,0
354,659,0
354,1803,0
354,2453,0
355,1668,0
356,2018,0
356,2116,0
356,1259,0
356,498,0
356,2226,1
357,1358,0
357,1154,0
357,657,0
357,2652,0
358,2642,0
359,1483,0
359,389,0
359,1620,0
360,1824,0
360,1409,0
361,2681,0
361,1453,1
362,1966,0
363,1003,0
364,1358,0
364,1632,0
364,970,0
364,2642,0
364,1606,0
364,1756,0
364,1306,0
364,732,0
364,819,0
365,2469,0
365,1902,1
366,1986,0
366,745,0
366,1583,0
366,553,0
367,2083,0
367,2451,0
367,1062,1
367,2381,1
368,1545,0
368,428,0
368,996,0
368,1366,0
368,1194,0
368,2249,0
368,2393,0
368,700,1
369,385,0
369,2484,0
369,2232,1
370,1408,0
370,1414,0
370,2269,0
370,1415,0
371,1415,0
371,1414,0
371,1553,0
371,1441,0
371,1354,0
371,720,0
371,2375,0
372,1834,0
372,1710,0
372,2377,0
372,626,0
372,813,1
373,1042,0
373,1025,0
374,2146,0
374,2149,0
374,413,0
374,846,0
374,2147,0
374,1101,0
375,963,0
375,2401,0
375,2434,0
375,2435,0
376,1583,0
376,672,0
377,733,0
377,1265,0
377,678,0
377,2291,0
378,602,0
379,1898,0
379,904,0
379,1022,0
379,1959,0
380,930,0
380,2569,0
380,477,0
381,2518,0
381,2538,0
382,2034,0
382,1203,0
383,733,0
383,1704,0
383,2268,0
384,1623,0
384,1624,0
385,2483,0
385,2484,0
385,898,1
385,1776,1
386,2114,0
386,2115,0
386,2117,0
387,519,0
387,2191,0
387,390,1
388,2497,0
388,1899,0
389,1483,0
389,704,0
389,2450,0
389,1743,0
389,1077,0
389,905,0
389,1393,1
390,1108,0
391,1986,0
391,2365,0
391,493,0
392,1415,0
392,1825,0
392,720,0
392,1619,0
392,2269,0
393,739,0
393,546,1
393,1546,1
394,1063,0
394,577,0
394,2351,0
394,849,0
394,1064,0
395,2367,0
395,640,0
395,1147,0
395,853,1
396,1988,0
396,1217,0
396,2049,1
396,1528,1
397,2329,0
397,879,0
397,665,0
397,1096,0
398,730,0
398,2177,0
399,1089,0
399,544,0
399,1769,0
399,2107,0
400,1354,0
400,650,1
400,868,1
401,1065,0
401,1160,0
401,733,0
401,1096,0
402,1413,0
402,1542,0
402,507,0
402,776,0
402,1940,0
402,1932,0
402,1936,0
403,1742,0
403,464,0
403,2503,0
403,1037,0
403,2654,0
403,806,0
403,1383,0
404,1476,0
404,1170,0
405,1927,0
405,2059,0
405,1275,0
405,738,0
406,505,0
406,2505,0
407,1681,0
407,1682,0
407,695,0
407,409,0
408,525,0
408,734,0
408,1841,0
408,2056,0
409,1624,0
409,1681,0
409,2084,0
410,1179,0
410,676,0
410,1229,1
411,1488,0
411,1096,0
411,1577,0
411,2609,0
412,1616,0
412,1849,0
414,711,0
415,1677,0
415,1843,0
415,593,0
415,966,0
415,737,0
415,851,0
415,818,0
415,2014,0
415,1908,0
415,2178,0
415,1174,0
415,1644,0
415,1309,0
415,1527,0
415,1847,0
415,1850,0
415,525,0
415,2182,0
416,1701,0
416,519,0
416,1170,1
417,1072,0
417,2034,0
417,1871,0
417,2494,0
418,644,1
419,1662,1
420,1869,0
421,2216,0
421,2213,0
421,1700,1
421,2454,1
422,545,0
423,525,0
423,527,0
423,507,1
424,436,0
424,1203,0
425,2466,0
426,1805,0
426,1782,0
426,1777,0
426,1789,0
426,487,0
426,1772,0
427,565,0
427,1528,0
428,2248,0
428,2671,0
428,1257,0
428,996,0
429,2043,0
429,1493,0
429,1807,0
429,2044,0
429,1618,0
429,1889,0
429,794,0
429,2001,0
429,2041,0
429,1669,0
429,523,0
429,705,0
429,863,0
430,2130,0
431,2694,0
431,2695,0
431,1367,1
431,2013,1
432,1597,0
432,1442,0
433,436,0
433,756,0
434,1524,0
434,1693,0
434,2408,0
434,2133,0
434,1117,0
435,733,0
435,1912,0
435,486,0
436,1977,0
436,1978,0
436,878,0
436,1979,0
436,1039,0
436,816,0
436,498,0
436,1332,0
436,885,0
436,1494,0
436,668,0
436,483,0
436,1980,0
436,1981,0
436,1982,0
436,1131,0
437,1985,0
437,1495,0
437,950,0
437,718,0
437,498,0
438,1983,0
438,787,0
438,1984,0
438,1985,0
438,718,0
438,1667,0
439,1169,0
439,1642,0
439,654,1
440,1296,0
440,2179,0
440,441,0
440,725,0
440,1913,0
440,895,0
441,1537,0
441,671,0
441,1455,0
441,2184,0
441,2094,0
441,454,0
442,627,0
442,2362,0
442,588,0
442,1051,0
442,2120,0
442,698,0
442,1549,1
443,1966,0
443,1010,0
443,1531,0
443,1264,0
444,582,0
444,488,0
444,623,0
444,515,0
444,2289,0
444,2290,0
444,2464,0
444,828,0
445,1434,0
445,909,0
446,903,0
446,1507,0
447,1616,0
447,1849,0
447,2638,0
447,1181,1
448,1824,0
448,1902,0
448,1826,0
448,472,0
449,1834,0
449,1280,0
449,2581,0
450,1569,0
450,2538,0
451,671,0
451,935,0
451,2285,0
452,1623,0
452,1258,0
453,2305,0
453,1806,0
453,2306,0
454,973,0
454,2188,0
454,2189,0
454,1441,0
454,1917,0
454,2190,0
454,581,0
454,2022,0
454,1661,0
455,2486,0
455,2147,0
455,1664,0
455,2145,1
455,2620,1
456,525,0
456,2054,0
456,667,0
456,2347,0
456,2199,0
456,2472,0
456,544,0
456,1580,0
457,2216,0
457,1201,0
457,2215,0
457,1063,1
458,1122,0
458,1953,0
458,1555,0
458,1276,0
459,1623,0
459,1681,0
459,916,1
460,1986,0
460,1989,0
460,2532,0
460,726,1
461,2309,0
461,1203,0
462,1048,0
463,1964,0
463,1703,0
463,1702,0
463,1966,0
464,2444,0
464,2445,0
464,1758,0
465,1403,0
465,896,0
465,1869,0
465,2304,0
465,2410,1
466,1358,0
466,2546,0
466,970,0
466,1738,0
466,1305,0
467,1701,0
467,1708,0
467,1172,0
468,647,0
468,1311,0
468,1313,0
469,2412,0
469,2304,0
469,620,0
470,857,0
470,854,0
470,1115,0
470,652,0
470,1097,0
471,1013,0
471,2394,0
471,2013,0
472,1825,0
472,559,0
472,844,0
472,1183,0
472,1182,0
472,2029,0
473,1575,0
473,2647,0
474,1181,0
474,1102,1
475,2219,0
475,864,1
475,1140,1
476,1986,0
476,1140,0
476,1800,0
476,2567,1
477,2569,0
477,930,0
477,1726,1
478,514,0
478,2024,0
478,1978,0
478,1497,1
479,1880,0
480,598,0
480,687,0
480,2359,0
480,1710,0
480,2372,0
480,1426,0
481,1810,0
481,2291,0
481,823,0
481,1287,0
482,2230,0
482,1812,0
482,1814,0
482,1807,0
482,2307,0
482,2308,0
482,790,0
482,1810,0
483,2405,0
483,816,0
484,542,0
484,2081,0
484,2046,0
484,1699,0
484,1367,0
484,1775,0
485,1042,0
485,839,0
485,2219,0
486,2077,0
486,2667,0
486,2668,0
486,1372,1
487,655,0
487,2026,0
487,1773,0
487,1798,0
487,2080,0
487,1705,0
487,859,0
487,1782,0
487,1772,0
488,2547,0
488,2643,1
489,1358,0
489,2390,0
489,2391,0
490,1973,0
490,2105,0
490,1879,0
490,826,0
490,2099,0
490,1309,0
490,1463,0
490,1981,0
490,1131,0
491,1660,1
491,846,1
492,1257,0
492,956,0
492,1533,0
492,688,0
492,2678,0
492,2673,0
492,2538,0
493,1759,0
493,1244,0
494,2614,0
494,2051,1
495,2192,0
495,1328,0
495,1327,0
495,1392,1
496,711,0
496,596,0
496,992,0
496,585,1
497,2419,0
498,1652,0
499,2457,0
499,2458,0
499,2353,1
499,1909,1
500,2241,0
501,1358,0
501,1765,0
502,1976,0
503,1692,0
503,576,0
503,2001,0
504,1973,0
504,2394,0
504,2396,0
505,573,0
505,1180,0
505,1304,0
505,1448,0
505,1258,0
505,843,0
505,1251,0
505,1779,0
505,1560,0
505,2083,0
506,1013,0
506,1914,0
506,1918,0
506,1352,0
507,1940,0
507,1931,0
507,1211,0
507,1363,0
507,1941,0
507,1933,0
507,1413,0
507,1176,0
507,1300,0
507,812,0
507,1936,0
507,2508,0
508,2325,0
509,1101,0
509,2146,0
509,2148,0
510,1013,0
510,1131,0
510,1171,0
511,1810,0
511,549,0
512,756,0
512,1472,0
512,1692,0
512,2703,1
513,565,0
513,1528,0
513,657,0
514,1978,0
514,1882,0
514,1314,0
514,611,1
514,2705,1
515,2464,0
515,623,0
515,2547,0
515,2465,0
515,1102,0
516,2104,0
516,1882,0
517,2105,0
517,952,0
518,666,0
518,2423,0
518,1373,0
519,2045,0
519,1574,0
519,1670,0
519,836,0
519,1998,0
519,1986,0
519,1346,0
519,598,0
519,959,1
519,2547,1
521,598,0
522,2097,0
523,949,0
523,2406,0
524,1358,0
524,979,0
524,2476,0
524,1169,0
524,552,0
525,1540,0
525,2180,0
525,2181,0
525,2054,0
525,2182,0
525,1628,0
525,2183,0
525,2057,0
525,2172,0
526,565,0
526,1742,0
526,1216,0
526,1007,0
528,803,0
529,1419,0
529,1417,0
529,2260,0
530,1013,0
530,2094,0
530,1505,0
531,606,0
531,2308,0
531,1955,1
532,1701,0
532,1863,0
533,1742,0
533,2466,0
534,629,0
534,609,0
534,933,0
534,2321,1
535,2641,0
535,2392,0
535,1649,1
536,1894,0
536,567,0
537,2192,0
537,1698,0
537,1593,0
537,1165,0
538,1286,0
538,2416,1
539,1616,0
539,711,0
539,2155,0
540,1441,0
540,2527,0
540,747,0
541,904,0
541,647,0
541,1896,0
541,1360,0
541,1022,0
542,1623,0
542,1245,0
542,976,1
543,984,0
544,2199,0
544,1769,0
544,2347,0
544,2052,0
544,1580,0
545,603,1
545,2678,1
546,1608,0
546,2127,0
547,1701,0
547,598,0
548,2138,0
548,809,0
548,843,0
548,1937,0
548,1523,0
549,1810,0
549,1497,0
549,1921,1
551,2388,0
552,1358,0
552,1169,0
552,2201,0
553,1995,0
553,1127,0
553,745,0
553,1583,0
553,2009,0
554,685,0
555,1463,0
556,1623,0
556,1805,0
556,2603,1
557,1725,0
558,2585,0
558,876,0
558,1706,0
558,1189,0
559,1182,0
559,1579,0
559,1056,1
560,2526,0
560,774,0
561,1016,0
562,1483,0
562,1735,0
562,704,0
562,2450,0
563,1701,0
563,2045,0
563,1337,0
564,1262,0
564,2476,0
564,1135,1
565,1398,0
565,1361,0
565,1610,0
565,1723,0
565,1528,0
565,2279,0
565,1038,0
565,687,0
566,1986,0
566,1907,0
567,760,0
567,1262,0
567,631,0
567,1513,0
568,1810,0
568,1116,0
568,1223,0
568,1338,1
569,1759,0
569,2512,0
570,2430,0
571,696,0
571,1570,0
572,1416,0
572,2025,0
572,2418,0
573,643,0
573,1313,0
573,2407,0
574,1692,0
574,576,0
574,2001,0
575,2283,0
576,1810,0
576,665,0
576,2348,0
577,1518,0
577,870,0
577,906,0
577,2351,0
577,2352,0
577,2353,0
577,2354,0
577,849,0
577,1063,0
577,1129,0
578,1879,0
578,1974,0
578,1105,0
579,1808,0
579,994,0
579,1134,0
579,1083,1
580,1358,0
580,744,0
580,2444,0
580,1742,0
580,2445,0
580,1758,0
580,1765,0
581,1623,0
581,1792,0
581,1616,0
582,2548,0
582,2549,0
583,2224,0
583,2225,0
583,2664,1
584,623,0
584,2463,0
584,2289,0
584,2464,0
584,977,1
585,2526,0
586,1224,0
586,1218,0
586,2155,0
587,1032,0
587,713,1
588,2383,0
588,698,0
589,1624,0
589,1158,0
589,980,0
590,1954,0
590,1441,0
591,1423,0
591,1017,0
591,1078,0
591,2472,0
591,642,0
592,2669,0
592,699,1
593,1115,0
593,1474,0
594,2195,0
594,663,0
594,2655,1
595,2176,0
595,1016,0
595,1256,0
596,1914,0
596,644,0
596,992,0
596,1356,1
597,1628,0
597,1104,0
598,1003,0
598,1107,0
598,766,0
598,2138,0
598,1299,0
598,869,0
598,1864,0
598,1821,0
598,968,0
598,637,0
598,1297,0
598,845,0
598,1823,0
598,1636,0
598,1301,0
598,1870,0
598,1473,0
598,1573,0
598,1875,0
598,1100,0
598,2707,0
599,1271,0
599,1093,0
600,2394,0
601,2229,0
601,662,1
601,2671,1
602,2119,1
603,2045,0
603,716,0
603,1248,0
603,795,0
603,1821,0
603,1873,0
604,1914,0
604,1652,0
604,1351,0
604,2109,0
605,1107,0
605,2534,0
606,2230,0
606,2360,0
606,1666,0
606,2361,0
606,2652,1
607,1213,0
607,1664,0
608,1623,0
608,2080,0
609,1358,0
609,2446,0
609,883,0
609,1041,0
609,2447,0
609,2448,0
610,2287,0
610,2288,0
610,826,0
610,2481,0
611,2690,0
611,1748,1
612,2235,0
612,879,1
613,1358,0
614,1475,0
614,2470,0
614,888,0
615,2443,0
616,1358,0
616,2365,0
616,1739,0
616,2503,0
617,2034,0
617,705,0
618,938,0
620,2534,0
620,923,0
620,1038,1
621,2018,0
621,1332,0
621,1978,0
622,1951,0
622,1952,0
622,1002,0
622,886,0
623,2464,0
623,2289,0
623,2098,1
624,1042,0
624,1232,0
625,1024,0
626,1358,0
626,2556,0
626,2558,0
627,2122,0
627,2238,0
627,2335,0
628,1764,0
628,1169,0
628,2546,0
628,1725,0
629,883,0
629,2205,1
630,973,0
631,2358,0
632,1430,0
633,1701,0
633,1866,0
634,2227,0
635,2058,0
635,1871,1
636,2233,0
636,893,1
637,1641,0
638,783,0
638,1773,0
638,2387,0
638,893,0
638,808,0
638,924,0
638,1644,1
639,900,0
640,2420,0
640,894,0
640,765,0
640,1090,0
640,1598,0
640,1937,1
641,2704,0
641,1549,1
642,2472,0
643,1538,0
643,1167,0
643,2407,0
644,711,0
644,728,0
644,2177,0
644,1258,0
645,1358,0
645,1824,0
645,1898,0
645,1899,0
645,1267,0
645,1900,0
645,1495,0
645,950,0
645,1895,0
645,891,0
645,1901,0
645,1826,0
647,1267,0
647,904,0
647,1360,0
648,1441,0
649,1171,0
649,1457,0
650,1250,0
650,1486,0
650,1557,0
650,1685,0
650,1756,0
650,819,0
650,2083,0
650,2457,1
651,2023,0
651,1984,0
651,885,0
651,2024,0
651,1667,0
651,2156,0
651,2697,1
651,2245,1
653,1231,0
653,1466,1
653,2401,1
655,2080,0
656,2090,0
657,1254,0
657,1740,0
657,1229,0
657,2440,0
657,2522,0
657,2442,0
657,867,0
657,871,0
657,2523,0
657,1729,0
657,1208,1
658,2147,0
659,1803,0
660,1623,0
661,1353,0
661,1878,0
661,1028,0
661,935,0
661,1879,0
661,1880,0
661,830,0
661,1881,0
661,807,0
661,1045,0
661,1882,0
661,1883,0
661,1884,0
661,1885,0
662,932,0
662,2543,1
663,2195,0
663,2465,1
663,1415,1
664,1701,0
665,2120,0
665,2122,0
666,1973,0
666,1850,0
667,2364,0
667,2472,0
667,2617,1
669,729,0
669,1086,0
669,1124,0
670,2606,0
671,2025,0
671,973,0
672,2456,0
672,1933,1
673,1986,0
673,1907,0
674,1907,0
675,2356,0
675,2145,1
676,1955,0
676,2235,0
676,1946,1
677,954,0
678,733,0
679,1395,0
680,2199,0
681,1986,0
681,1445,0
681,1446,0
681,1171,0
682,1224,0
682,973,0
683,2169,0
683,834,0
684,1358,0
684,1282,0
686,1358,0
686,2366,0
687,1358,0
687,1171,0
687,1710,0
687,1033,0
687,1586,0
687,1610,0
687,1725,0
687,2359,0
687,1546,0
687,2372,0
687,1721,0
688,1257,0
688,2499,1
689,1358,0
689,1317,0
689,1169,0
689,1721,0
689,1292,0
689,1461,1
690,2631,1
691,2034,0
691,2130,0
692,2629,0
693,2108,0
693,763,0
693,1851,0
694,1478,0
694,2516,0
695,1336,0
695,1681,0
695,1682,0
695,1998,0
695,2319,0
695,1012,0
695,1790,0
695,948,0
696,1570,0
697,1080,0
698,1015,0
699,1701,0
699,2045,0
699,2327,0
700,1691,0
701,735,0
701,739,0
701,2062,0
702,777,0
702,993,0
702,1637,0
702,2101,0
702,1368,0
702,822,0
702,779,0
702,2069,0
702,2070,0
703,2497,0
703,1961,0
703,801,0
703,1379,1
704,1483,0
704,969,0
704,2450,0
704,1743,0
704,1412,0
704,2113,0
705,2586,1
706,1240,0
706,2238,0
706,963,0
706,805,0
706,2645,0
707,763,0
707,902,1
708,1358,0
708,2212,0
708,2216,0
708,836,0
709,1896,0
709,1903,0
710,2212,0
710,2213,0
710,1392,0
711,2111,0
711,1285,0
711,2112,0
711,2113,0
711,1672,1
712,1464,0
712,850,0
712,2480,0
713,1044,0
714,1385,0
715,2291,0
716,1810,0
716,1821,0
716,2409,0
716,1588,1
717,1907,0
718,1416,0
718,2059,0
718,2261,0
719,1623,0
719,1810,0
720,1441,0
721,1034,0
721,1389,1
722,1273,0
722,1874,0
722,2500,0
722,1567,0
722,2501,0
723,2614,0
724,1344,0
724,2394,0
724,2395,0
725,1652,0
725,2071,0
725,1104,0
725,1137,0
726,2671,0
726,1533,0
727,1386,0
727,2570,0
728,1296,0
728,2388,0
728,2553,0
728,1070,0
729,1701,0
729,2534,0
729,1221,0
729,1159,0
730,1226,1
731,901,0
731,2199,0
731,1279,0
731,2203,0
732,1756,0
732,2685,0
732,1637,1
733,2035,0
733,1062,0
733,1265,0
733,2011,0
733,2301,0
733,2302,0
733,1329,0
733,759,0
733,1817,0
733,1294,0
733,1818,0
733,2303,0
733,1160,0
733,2304,0
733,2291,0
733,794,0
733,1682,0
733,2268,0
733,1192,0
733,2008,0
733,862,0
734,1841,0
734,2277,0
734,1006,0
734,2197,0
734,1388,0
734,964,0
734,736,0
734,2056,0
734,751,0
734,2202,0
735,1958,0
735,1881,0
735,2060,0
735,2061,0
735,2062,0
735,1237,0
735,739,0
735,1543,0
736,1841,0
736,1006,0
736,1631,0
736,2197,0
736,1388,0
736,964,0
736,751,0
736,2202,0
737,1974,0
737,1630,0
737,2136,0
737,2178,0
737,1269,0
738,1927,0
738,2162,0
738,1080,0
739,1958,0
739,1881,0
739,1543,0
739,1237,0
740,1002,0
740,2033,0
741,2093,0
741,1011,0
741,1088,0
741,1282,0
741,831,0
741,2219,1
742,1483,0
742,1743,0
742,1620,0
743,1986,0
743,745,0
743,1239,0
743,1570,0
743,2571,1
744,1358,0
744,1154,0
745,1986,0
745,1995,0
745,1127,0
745,2009,0
746,1303,0
746,2006,0
747,1538,0
747,1697,1
748,1358,0
748,1103,0
748,1169,0
748,1617,0
748,1550,0
748,1732,0
748,1568,0
748,1374,0
748,1145,0
748,2553,0
748,1600,1
748,1947,1
749,2155,0
749,1333,0
749,1462,1
750,1441,0
750,1051,1
751,1204,0
751,2198,0
751,2202,0
752,957,0
752,2083,0
752,2451,0
752,964,1
753,1880,0
753,1269,0
754,1358,0
754,1483,0
754,2450,0
755,1898,0
755,2071,0
755,1277,0
756,2186,0
756,2187,0
756,1469,0
756,1472,0
756,1692,0
756,885,0
757,1358,0
757,2421,0
757,1284,0
758,1358,0
758,2492,0
758,1762,0
758,2355,1
759,1703,0
760,2459,0
760,1513,0
760,2460,0
760,1426,0
760,985,0
760,2665,1
761,1401,0
761,1443,0
761,1208,1
762,2448,0
762,859,0
763,1635,0
764,1358,0
764,796,0
764,1612,0
764,1606,0
765,2367,0
765,1147,0
765,1677,1
766,1297,0
766,1868,0
766,845,0
767,1701,0
767,873,0
767,2314,0
768,1566,0
768,1723,0
768,1724,0
769,1927,0
770,2117,0
770,1894,0
771,1080,0
771,1156,0
771,2138,1
772,908,0
773,1072,0
773,1505,0
774,858,1
775,2075,0
776,1413,0
776,1542,0
777,1986,1
778,1914,0
778,1224,0
778,1370,0
778,779,0
778,1919,0
779,1914,0
779,1973,0
779,1224,0
779,1370,0
779,1592,0
779,1919,0
780,2341,0
780,2296,1
780,809,1
781,2402,0
782,1876,1
783,1061,0
783,2376,0
783,893,0
783,1143,0
783,1722,1
784,1701,0
784,960,0
785,1664,0
786,947,0
786,816,1
787,2469,1
787,1407,1
787,1153,1
788,1952,0
788,2205,0
788,1031,0
788,2041,0
788,2033,0
789,1703,0
789,1240,0
790,1810,0
790,1548,0
791,2034,0
791,2130,0
792,1558,0
792,2555,0
792,1986,0
792,1488,0
793,1896,0
793,1902,0
793,1903,0
793,2592,0
794,1160,0
794,1590,0
794,863,0
795,1810,0
795,1645,0
795,1553,1
795,2433,1
796,1358,0
796,1103,0
796,1317,0
797,1358,0
797,800,0
797,1833,0
797,2359,0
798,1381,0
798,1793,0
798,1794,0
798,1795,0
798,2628,1
799,961,0
800,889,0
800,820,0
800,1834,0
801,1470,0
801,1961,0
801,2516,0
802,1307,0
802,2345,1
803,2100,0
804,1307,0
805,2236,0
805,963,0
806,1383,0
807,1955,0
807,1226,0
807,1956,0
808,2383,0
808,1785,0
808,924,0
808,2257,1
809,2229,0
809,2228,0
809,1115,0
809,1559,1
810,1068,0
810,1719,1
811,900,0
811,855,0
811,2324,1
812,1413,0
812,1542,0
812,1300,0
813,2376,0
813,2535,1
813,2458,1
814,1158,0
814,2382,0
814,893,0
814,2383,0
815,2018,0
815,1344,0
815,1174,0
815,2017,0
816,2405,0
816,2282,0
816,1842,0
816,1980,0
817,2456,0
817,1736,0
817,1763,0
818,1999,0
819,1358,0
819,1606,0
820,889,0
821,2451,1
822,1973,0
823,1358,0
823,1169,0
823,1765,0
823,2221,0
823,1648,1
823,2521,1
824,1831,0
824,1934,1
824,2521,1
825,1765,0
826,2287,0
826,2528,0
827,1999,0
827,1921,0
827,1039,0
828,1795,0
828,2464,0
828,2581,1
829,1816,0
830,1914,0
830,2100,0
831,1358,0
831,1638,0
831,2093,0
831,1011,0
831,1733,0
832,2600,0
832,837,1
832,2157,1
833,2036,0
833,2495,0
833,1641,0
833,2595,0
833,1678,0
833,1130,0
833,953,1
834,2168,0
834,876,0
834,2498,1
835,1810,0
835,1121,0
835,1134,0
835,1654,0
836,1572,0
836,1013,0
836,2078,0
836,1131,0
836,1343,0
836,2403,0
837,1422,0
837,2670,0
837,2248,0
838,868,0
838,1131,0
838,2280,0
838,1386,1
839,2277,0
839,965,0
839,1650,1
840,2481,0
840,1903,0
841,2034,0
842,2016,0
843,2339,0
843,2542,0
844,1902,0
845,2602,1
846,2146,0
847,2189,0
847,2422,0
848,1373,0
848,985,0
849,2351,0
849,1993,0
850,1464,0
850,2278,0
851,2018,0
851,1309,0
852,1800,0
853,1358,0
853,1169,0
853,1762,0
854,857,0
854,935,0
854,1097,0
854,1884,0
855,2493,0
856,2248,0
856,1390,0
857,1246,0
857,1097,0
858,2182,0
858,2502,0
859,2096,0
859,1030,0
859,1199,0
860,1427,0
860,1527,0
860,1758,0
860,1180,1
861,2330,0
861,2068,0
861,1397,0
863,1160,0
863,1590,0
864,2210,0
864,1065,0
865,2653,0
865,2580,1
866,1049,0
866,2608,1
867,1229,0
867,2439,0
867,2440,0
867,2522,0
867,1252,0
867,2442,0
867,871,0
867,2523,0
868,988,0
868,1341,0
868,1195,0
868,2276,0
868,1844,0
868,2099,0
868,1526,0
869,1701,0
869,1440,0
869,1864,0
870,1119,0
870,2126,0
871,1229,0
871,2530,0
871,2652,0
872,1413,0
872,1542,0
872,1340,0
872,947,1
872,1789,1
873,1358,0
873,2313,0
873,1479,0
873,1708,0
874,1701,0
875,1945,0
875,1950,0
875,1942,0
875,914,0
876,1358,0
876,2168,0
876,2584,0
877,1413,0
877,1542,0
877,1177,0
877,1176,0
877,1935,0
877,1300,0
878,2326,0
878,885,0
879,1558,0
879,934,1
880,1013,0
880,973,0
881,1199,0
881,1155,0
882,1358,0
883,933,0
885,1039,0
885,2386,0
885,2024,0
886,1400,0
886,1786,1
887,1623,0
887,1624,0
887,910,0
887,1182,1
888,1475,0
888,1556,0
889,1830,0
889,1831,0
889,1832,0
890,1269,0
890,1314,0
890,1052,1
890,1365,1
891,2608,0
891,1674,0
892,1950,0
893,911,0
893,1051,0
893,2383,0
894,2367,0
894,1845,0
895,1187,0
895,1296,0
895,1913,0
897,1410,0
897,1983,0
897,1907,0
897,1156,0
897,1152,0
897,1494,0
897,2295,0
898,1835,0
898,1836,0
898,2160,0
899,1858,0
899,1986,0
899,1055,0
899,986,1
901,2186,0
901,1042,0
901,2199,0
901,2073,0
901,1279,0
902,1358,0
902,1284,0
902,1604,0
903,2030,0
903,2031,0
904,1360,0
904,1959,0
904,1312,0
905,1483,0
905,1282,0
905,1620,0
906,2351,0
906,2353,0
907,1351,0
907,1916,0
908,1013,0
908,2187,1
910,1623,0
910,2085,0
911,2376,0
911,1534,0
911,1051,0
912,2130,0
914,2576,1
915,1740,0
915,1035,0
915,2597,0
915,2415,0
916,1026,0
916,1707,1
917,2639,0
918,1542,0
918,2065,0
918,1098,0
918,2513,1
918,1213,1
919,1358,0
920,1893,0
921,1914,0
921,2134,0
921,2293,0
922,1307,0
922,1406,0
922,2294,1
924,2383,0
925,1222,0
925,2670,1
926,1862,0
927,2140,0
927,1316,0
928,2063,0
928,1326,0
929,1358,0
929,2627,0
930,2569,0
931,1433,0
933,1038,0
933,2583,1
934,2356,0
935,973,0
935,1873,0
936,1067,0
936,2530,0
936,2515,0
936,2641,0
937,2096,0
937,1180,0
937,1304,0
938,2230,0
938,2027,0
938,1093,1
939,2173,0
939,2645,1
940,1829,0
940,1058,1
941,2517,0
941,1714,1
942,1952,0
942,1924,0
943,1196,0
944,2138,0
945,1072,0
945,1911,0
945,2388,0
945,1512,0
945,1108,1
946,1966,0
946,2623,0
948,1395,0
948,1681,0
948,1682,0
951,1358,0
952,2546,0
953,2565,0
953,2566,0
953,2567,0
954,1112,0
955,1914,0
955,1482,0
955,2255,1
956,2677,0
957,1358,0
957,1154,0
957,1557,0
957,1685,0
957,1757,0
957,2167,0
957,2083,0
957,2618,1
958,1072,0
958,1798,0
958,984,1
959,2529,0
960,1776,0
960,2650,0
961,2555,0
961,1728,0
961,2599,0
962,1806,0
962,1062,0
962,1665,0
962,1807,0
962,1808,0
962,1809,0
962,1810,0
963,1141,0
963,2399,0
963,2400,0
963,1785,0
963,1417,0
963,2240,0
963,2401,0
963,1703,0
963,1157,0
963,1094,0
963,1443,0
963,2434,0
964,1388,0
964,965,0
964,2198,0
965,2197,0
965,1693,0
965,1884,1
967,2659,0
967,1998,1
968,1986,0
968,1603,0
969,1483,0
969,1735,0
969,2450,0
969,1743,0
970,1358,0
970,2365,0
971,1650,0
971,1339,1
972,2247,0
972,1000,0
972,2579,0
972,2580,0
973,1072,0
973,2153,0
973,2019,0
973,1583,0
973,1142,0
973,2016,0
974,1496,0
975,2097,0
976,998,0
976,1431,0
977,1281,0
978,1358,0
978,998,0
979,1303,0
979,2207,0
979,1503,0
979,1957,0
979,1839,0
979,1055,1
980,1623,0
980,1367,0
981,1221,0
981,1159,0
981,2648,1
981,1882,1
982,2175,0
982,2176,0
982,1458,0
982,1091,0
982,1256,0
983,2130,0
983,2290,1
984,1068,0
984,2265,0
985,1358,0
985,1149,0
985,1073,0
986,2697,0
987,1175,0
987,2014,1
989,2285,0
989,1645,0
989,1507,0
989,2436,0
990,1542,0
990,1054,0
993,2155,0
994,2309,0
994,1329,0
994,1219,0
994,1249,1
995,1309,0
995,2385,0
995,1912,0
996,2248,0
996,2518,0
996,1257,0
996,1135,0
997,1837,0
998,1103,0
998,2365,0
998,1431,0
998,1284,0
999,1358,0
1000,2543,0
1000,1325,0
1001,2662,0
1002,2034,0
1002,1952,0
1002,2033,0
1003,1687,0
1003,2607,0
1003,1373,0
1004,1810,0
1004,1489,0
1005,1541,0
1006,1302,0
1006,2494,1
1007,1742,0
1007,1154,0
1007,2466,0
1008,1416,0
1008,2059,0
1008,1922,0
1008,2575,0
1009,2096,0
1010,1966,0
1012,1336,0
1012,1681,0
1012,1682,0
1012,1797,0
1012,2572,1
1013,1840,0
1013,1841,0
1013,1842,0
1013,1843,0
1013,1521,0
1013,1403,0
1013,1293,0
1013,1844,0
1013,1729,0
1013,1845,0
1013,1583,0
1013,1120,0
1013,1625,0
1013,1644,0
1013,1846,0
1013,1675,0
1013,1847,0
1013,1848,0
1013,1849,0
1013,1464,0
1013,1850,0
1013,1851,0
1013,1661,0
1013,2045,0
1014,1558,0
1014,2695,1
1015,1385,0
1015,1068,0
1015,1618,0
1015,1425,0
1015,2262,0
1015,1788,0
1015,1789,0
1015,1452,0
1015,1519,0
1015,1143,0
1015,2263,0
1015,1481,0
1016,2176,0
1016,1256,0
1016,2613,1
1017,1475,0
1017,2472,0
1018,2378,0
1019,1457,0
1020,2075,0
1020,2077,0
1020,2667,0
1021,2309,0
1022,1961,0
1022,1168,0
1022,1962,0
1022,1276,0
1022,1963,0
1023,1701,0
1023,1986,0
1023,2568,0
1024,2508,1
1025,1042,0
1025,2544,1
1026,2034,0
1026,1303,0
1026,2531,0
1027,2394,0
1029,2166,0
1031,1952,0
1032,2183,1
1033,2168,0
1035,1740,0
1035,1833,0
1035,1486,0
1035,1801,0
1035,1433,0
1036,2562,0
1036,2299,1
1037,2654,0
1037,2447,0
1038,1358,0
1038,2503,0
1040,1358,0
1040,1317,0
1040,1169,0
1040,1765,0
1040,2629,1
1041,1358,0
1041,1243,0
1041,1466,0
1041,2390,0
1041,2448,0
1042,1628,0
1042,1198,0
1042,1118,0
1042,2073,0
1042,1047,0
1042,2055,0
1042,2198,0
1042,1125,0
1042,1517,0
1042,1925,0
1042,2051,0
1042,1926,0
1042,2052,0
1042,1481,0
1042,2054,0
1042,2333,0
1042,2284,1
1042,2569,1
1043,2309,0
1045,1773,0
1045,1571,0
1046,2336,0
1046,2587,0
1046,2387,0
1046,1510,0
1046,2665,1
1047,2333,0
1047,1588,0
1048,1704,1
1049,1894,0
1049,2610,0
1049,1432,0
1049,1354,1
1050,1634,0
1050,2563,0
1050,1569,0
1050,1230,0
1050,1081,0
1050,2564,0
1050,1380,0
1050,1342,0
1050,1320,0
1051,2122,0
1051,2383,0
1052,1701,0
1052,1690,1
1053,1405,0
1054,1950,0
1054,1577,0
1054,1099,0
1054,1605,0
1054,1432,0
1055,1577,0
1056,2482,0
1057,2409,0
1058,1195,0
1059,1600,0
1059,1096,1
1060,1441,0
1061,1196,0
1061,2376,0
1062,1810,0
1062,1192,0
1063,1518,0
1064,2351,0
1064,2352,0
1065,1699,0
1065,2211,0
1065,1096,0
1066,1574,0
1067,1830,0
1067,2307,0
1067,2448,0
1067,1216,0
1067,2686,1
1070,1358,0
1070,1167,0
1070,1829,0
1070,1470,0
1070,1072,0
1070,1725,0
1070,2298,1
1071,2248,0
1071,2671,0
1071,1257,0
1071,1135,0
1072,1358,0
1072,1797,0
1072,1483,0
1072,1798,0
1072,1799,0
1072,1478,0
1072,1505,0
1072,1262,0
1072,1800,0
1072,1733,0
1072,1801,0
1072,1802,0
1072,1803,0
1072,1740,0
1072,1804,0
1072,1805,0
1072,1784,0
1072,1725,0
1073,2163,0
1074,1501,0
1074,1675,0
1074,1676,0
1074,2437,1
1075,1701,0
1075,1124,0
1077,1483,0
1077,2450,0
1077,2113,0
1079,1914,0
1079,1218,0
1080,2162,0
1080,2344,0
1081,2563,0
1082,1534,0
1082,2386,0
1082,1756,1
1083,2114,0
1083,1232,0
1083,1450,0
1084,1213,0
1084,1832,1
1084,1593,1
1085,2394,0
1085,1421,0
1085,2109,0
1085,2110,0
1086,2247,0
1086,2579,0
1086,1124,0
1087,2434,0
1087,1986,1
1088,1089,0
1089,2086,0
1089,1552,0
1090,2367,0
1090,1271,0
1090,1093,0
1090,1147,0
1090,1598,0
1091,2176,0
1091,1256,0
1091,1268,1
1092,1171,0
1092,2501,0
1092,1106,0
1093,2367,0
1093,1271,0
1093,1598,0
1094,1369,0
1094,1443,0
1094,1653,0
1095,1810,0
1095,1986,0
1095,1325,0
1095,2613,0
1096,1633,0
1096,2273,1
1097,1115,0
1097,1869,0
1098,2066,0
1098,2067,0
1098,1477,0
1099,1577,0
1099,1607,0
1100,1701,0
1100,1320,1
1100,1104,1
1101,2146,0
1101,2148,0
1101,1242,0
1101,1691,1
1102,2464,0
1102,2290,0
1102,1207,0
1102,2465,0
1103,1358,0
1103,1123,0
1103,1718,0
1103,1480,0
1103,1886,0
1103,1520,0
1103,1887,0
1103,1888,0
1103,1748,0
1103,1284,0
1103,1760,0
1104,2264,0
1105,2141,1
1106,1874,0
1106,2501,0
1106,1437,1
1107,1810,0
1107,2243,0
1107,2379,0
1109,2671,0
1109,1533,0
1109,2674,0
1109,2675,0
1110,2025,0
1110,1224,0
1110,2295,0
1110,1120,0
1111,1119,0
1111,2126,0
1111,1273,0
1111,2129,0
1111,2125,0
1113,1650,0
1114,1717,0
1114,2560,0
1115,2276,0
1115,1529,0
1115,1916,1
1116,1223,0
1116,2609,1
1117,1628,0
1117,2499,0
1118,1416,0
1118,2155,0
1119,2124,0
1119,2128,0
1119,2125,0
1119,1663,0
1119,1235,0
1119,1462,0
1119,2129,0
1119,2127,0
1119,2126,0
1119,1273,0
1119,1697,0
1120,2025,0
1120,2194,0
1120,1583,0
1121,1810,0
1121,1410,0
1121,2136,0
1121,1131,0
1121,1655,0
1123,1358,0
1125,2332,0
1126,1823,0
1127,1986,0
1127,1583,0
1127,2061,1
1128,1441,0
1128,1954,0
1128,2275,0
1129,1518,0
1129,2351,0
1129,2352,0
1129,2353,0
1130,2495,0
1131,1224,0
1131,1538,0
1131,2280,0
1131,1500,0
1131,2281,0
1131,1930,0
1131,1215,0
1131,1133,0
1131,2185,0
1131,1655,0
1131,2282,0
1131,1909,0
1131,2283,0
1131,2155,0
1131,1932,1
1131,2299,1
1131,2362,1
1133,1538,0
1133,1500,0
1133,2185,0
1134,2296,0
1135,2671,0
1135,1257,0
1135,2678,0
1135,2518,0
1135,2248,0
1136,2359,0
1136,2554,0
1136,1189,0
1138,2248,0
1138,2250,0
1138,1986,1
1139,1628,0
1139,2054,0
1139,2182,0
1140,1980,1
1141,2294,0
1142,2326,0
1143,2262,0
1143,2155,0
1143,2376,0
1143,1618,0
1144,1623,0
1144,1245,0
1145,1358,0
1145,1169,0
1146,1505,0
1146,1506,0
1146,2254,0
1147,2367,0
1147,2371,0
1147,1598,0
1147,1865,0
1148,1317,0
1148,2221,0
1148,2220,0
1148,1747,0
1149,1358,0
1149,1986,0
1149,1894,0
1150,1243,0
1151,2700,0
1151,2570,0
1152,1927,0
1152,2155,0
1152,2416,0
1153,1401,0
1154,1358,0
1154,2514,0
1154,1714,0
1154,1715,0
1154,2515,0
1154,1742,0
1155,1229,0
1157,2240,0
1157,2463,0
1158,1635,0
1158,2251,0
1158,2252,0
1158,2382,0
1159,2534,0
1160,2268,0
1160,1698,1
1161,1707,1
1162,1510,0
1163,1402,0
1163,2132,0
1164,1287,0
1165,1593,0
1165,1199,1
1166,1986,0
1166,2582,0
1168,1955,0
1168,1671,1
1169,1714,0
1169,2220,0
1169,1719,0
1169,1720,0
1169,1731,0
1169,1734,0
1169,1737,0
1169,1358,0
1169,2492,0
1169,2476,0
1170,1476,0
1171,1855,0
1171,1355,0
1171,2359,0
1171,1909,0
1171,1295,0
1173,1250,0
1174,2394,0
1174,1912,0
1175,2359,0
1176,1542,0
1176,1935,0
1177,1542,0
1177,1935,0
1178,1984,0
1178,2350,0
1178,1908,0
1178,1529,0
1179,1955,0
1180,1304,0
1182,1183,0
1182,1579,0
1183,1824,0
1183,1825,0
1183,1354,0
1183,1579,0
1184,2100,0
1184,1190,0
1184,1897,1
1185,1992,0
1185,2358,0
1185,2589,0
1185,2590,0
1185,2349,0
1185,1460,0
1186,2535,0
1186,2574,0
1187,1188,0
1189,1358,0
1189,2359,0
1190,1387,0
1191,2241,0
1191,1558,0
1191,2339,0
1191,1388,1
1192,1621,0
1193,1705,0
1194,2670,0
1194,1366,0
1194,2176,1
1195,1672,1
1196,1624,0
1196,1367,0
1196,2300,0
1197,1998,0
1197,1791,0
1199,1214,0
1199,1566,0
1199,1716,0
1199,1599,0
1200,2207,0
1200,1502,0
1200,2414,0
1201,2533,0
1201,2214,0
1202,2376,0
1202,1428,0
1202,2336,0
1202,2524,0
1202,1510,0
1203,1410,0
1203,1842,0
1203,1215,0
1203,2155,0
1204,1330,0
1204,1838,0
1204,1839,0
1204,1602,0
1205,1358,0
1205,1761,0
1206,2671,0
1206,1257,0
1207,2464,0
1207,2290,0
1207,2049,1
1207,2566,1
1209,1358,0
1209,1737,0
1210,1648,0
1212,1701,0
1213,1290,0
1214,1716,0
1214,1499,0
1214,1745,0
1215,1894,0
1216,2446,0
1216,2503,0
1216,2005,1
1218,1927,0
1218,2116,0
1218,2220,1
1219,2174,1
1221,1949,0
1221,1607,0
1221,1577,0
1222,1224,0
1222,2354,1
1224,2151,0
1224,1525,0
1224,1341,0
1224,1660,0
1224,2152,0
1224,2153,0
1224,1587,0
1224,2154,0
1224,1370,0
1224,2155,0
1224,1732,0
1224,1583,0
1224,1919,0
1224,1291,0
1224,1526,0
1224,1848,0
1224,1975,0
1224,2156,0
1224,1851,0
1225,1450,0
1225,2579,0
1225,2165,1
1226,1955,0
1226,2528,0
1226,1956,0
1227,1269,0
1228,2580,0
1228,1536,0
1229,1358,0
1229,2439,0
1229,2440,0
1229,2441,0
1229,1308,0
1229,1627,0
1229,1506,0
1229,1254,0
1229,2442,0
1229,1749,0
1229,1384,0
1229,1582,1
1230,1342,0
1231,2622,1
1233,2433,0
1234,1703,0
1234,1702,0
1234,1966,0
1235,2126,0
1235,1462,0
1235,2577,0
1236,2479,0
1236,1918,1
1236,2040,1
1237,1958,0
1238,1358,0
1239,2611,0
1239,2027,0
1240,2237,0
1240,1702,0
1240,1443,0
1240,1411,1
1241,1701,0
1241,1950,0
1242,2146,0
1242,2148,0
1242,2143,1
1243,1358,0
1243,1491,1
1245,2080,0
1245,1770,0
1245,1642,1
1246,2246,1
1247,1679,0
1247,1752,1
1247,1590,1
1248,2045,0
1248,1651,0
1249,1483,0
1249,2556,0
1249,2558,0
1250,2507,0
1251,1623,0
1251,1448,0
1252,2656,0
1252,1914,1
1254,1308,0
1255,2248,0
1255,1372,1
1256,2176,0
1256,1761,0
1256,2175,0
1257,2248,0
1257,2677,0
1257,2678,0
1257,2518,0
1257,2671,0
1257,2673,0
1257,2679,0
1257,2538,0
1257,2249,0
1259,2342,0
1259,2635,1
1260,2250,0
1260,1559,0
1260,2447,1
1261,2130,0
1262,1509,0
1263,1407,0
1264,1531,0
1265,2291,0
1266,1984,0
1266,1529,0
1267,1824,0
1268,1929,0
1268,2309,0
1269,2227,0
1269,1880,0
1269,1630,0
1269,1314,0
1270,2034,0
1270,1622,0
1271,2367,0
1272,1945,0
1272,1950,0
1272,1947,0
1273,2126,0
1273,2125,0
1273,2129,0
1273,2034,0
1273,2124,0
1274,2648,1
1275,1468,0
1275,2246,1
1276,1962,0
1276,2498,1
1278,2305,0
1278,2268,0
1278,2306,0
1279,2203,0
1279,2186,0
1280,2612,0
1281,1358,0
1281,1746,0
1281,1748,0
1282,1483,0
1282,1776,0
1282,1735,0
1282,1283,0
1282,2324,0
1283,1776,0
1283,2324,0
1284,1358,0
1284,2450,0
1284,1604,0
1285,2182,0
1287,1358,0
1288,1309,0
1289,1705,0
1289,1622,0
1290,2258,0
1291,1660,0
1291,2154,0
1292,1358,0
1292,1317,0
1293,2418,0
1294,2510,1
1295,1987,0
1296,1910,0
1296,1911,0
1296,1912,0
1296,1913,0
1296,1350,1
1298,2703,0
1299,1810,0
1299,1701,0
1300,1542,0
1300,2508,0
1300,1941,0
1300,1940,0
1300,1933,0
1301,1542,0
1301,2140,0
1301,1316,0
1301,1315,0
1303,2163,0
1305,1358,0
1306,1317,0
1307,2536,0
1307,1444,0
1308,1627,0
1309,1677,0
1309,2102,0
1309,2103,0
1309,1338,0
1309,1882,0
1309,1625,0
1309,1741,0
1309,2015,0
1309,2178,0
1310,2692,0
1311,2080,0
1311,1312,0
1311,1313,0
1312,1313,0
1313,2407,0
1313,1397,1
1314,1951,1
1316,1679,0
1317,2220,0
1317,1719,0
1317,1720,0
1317,1739,0
1317,2221,0
1318,2661,0
1318,2662,0
1319,2034,0
1319,1326,1
1320,1491,0
1320,1349,0
1320,2684,0
1321,2501,0
1321,2156,1
1322,2265,0
1322,1763,1
1323,1701,0
1324,2035,0
1324,2265,0
1325,2247,0
1325,2063,0
1326,2063,0
1327,2161,0
1327,1328,0
1327,1503,1
1328,2160,0
1328,2120,1
1330,1837,0
1330,2068,0
1331,1810,0
1331,1576,0
1332,2024,0
1333,1973,0
1333,2312,0
1333,2195,0
1334,1701,0
1334,1542,0
1334,1950,0
1334,1577,0
1334,1941,0
1335,1856,0
1335,2087,0
1335,2090,0
1336,2032,0
1336,1797,0
1336,2033,0
1336,1452,0
1336,2034,0
1337,1701,0
1337,2045,0
1338,2385,0
1338,1912,0
1339,1358,0
1339,1753,0
1340,1413,0
1340,1542,0
1340,1943,0
1341,2425,0
1343,2316,0
1343,2165,0
1343,1645,0
1343,1507,0
1344,1928,0
1344,2315,0
1346,1670,0
1347,1997,0
1348,1810,0
1348,2163,0
1348,2605,0
1349,1634,0
1349,2684,0
1349,2467,1
1350,1443,0
1351,2134,0
1351,1592,0
1351,1362,0
1351,1972,0
1351,2282,0
1351,1535,0
1354,2270,0
1355,1957,0
1356,1613,0
1357,2025,0
1357,2170,0
1358,1708,0
1358,1709,0
1358,1710,0
1358,1711,0
1358,1712,0
1358,1444,0
1358,1713,0
1358,1562,0
1358,1714,0
1358,1715,0
1358,1716,0
1358,1717,0
1358,1718,0
1358,1516,0
1358,1646,0
1358,1480,0
1358,1719,0
1358,1565,0
1358,1720,0
1358,1483,0
1358,1499,0
1358,1620,0
1358,1721,0
1358,1722,0
1358,1550,0
1358,1723,0
1358,1724,0
1358,1725,0
1358,1726,0
1358,1727,0
1358,1728,0
1358,1729,0
1358,1730,0
1358,1731,0
1358,1732,0
1358,1733,0
1358,1734,0
1358,1735,0
1358,1736,0
1358,1737,0
1358,1738,0
1358,1739,0
1358,1740,0
1358,1568,0
1358,1741,0
1358,1546,0
1358,1742,0
1358,1743,0
1358,1744,0
1358,1745,0
1358,1746,0
1358,1492,0
1358,1747,0
1358,1748,0
1358,1471,0
1358,1749,0
1358,1750,0
1358,1599,0
1358,1389,0
1358,1751,0
1358,1384,0
1358,1752,0
1358,1753,0
1358,1754,0
1358,1755,0
1358,1756,0
1358,1757,0
1358,1758,0
1358,1759,0
1358,1604,0
1358,1760,0
1358,1761,0
1358,1762,0
1358,1763,0
1358,1764,0
1358,1765,0
1358,1766,0
1358,2597,0
1359,1914,0
1359,2278,0
1359,1464,0
1359,2480,0
1360,1902,0
1360,1960,0
1360,1650,0
1360,1904,0
1360,2491,0
1361,1528,0
1362,1914,0
1362,1372,0
1363,1413,0
1365,1703,0
1365,1702,0
1365,2509,0
1365,2519,0
1366,2248,0
1366,2112,1
1367,2143,0
1367,1656,0
1367,1584,0
1367,1778,0
1367,2080,0
1368,2553,0
1368,1911,0
1369,1653,0
1369,1530,0
1370,1525,0
1370,2274,0
1370,1919,0
1370,1975,0
1370,2485,0
1371,1393,0
1372,2465,1
1373,2639,1
1375,2586,0
1375,1921,1
1376,1848,0
1376,2232,0
1377,1840,0
1377,2068,0
1377,2069,0
1377,2070,0
1377,2388,0
1378,2058,0
1378,2150,0
1378,1544,0
1378,2032,1
1379,2564,0
1379,1380,0
1380,2564,0
1380,1986,1
1381,1794,0
1382,1502,0
1382,2176,0
1382,2283,0
1385,2335,0
1386,2570,0
1386,2571,0
1388,2197,0
1388,2181,0
1389,2597,0
1390,2681,0
1391,1693,0
1392,2212,0
1394,2137,0
1395,2072,0
1395,2266,0
1395,2189,0
1395,2267,0
1396,2394,0
1396,1399,0
1396,2395,0
1396,2228,0
1396,1421,0
1396,2109,0
1398,1528,0
1399,2227,0
1399,2309,0
1399,2394,0
1399,1501,0
1400,2698,0
1401,1585,0
1402,1616,0
1402,1919,0
1402,1482,0
1402,1972,0
1403,2317,0
1404,2375,0
1404,2406,1
1405,1894,0
1405,1508,0
1406,2387,0
1408,1829,0
1408,1826,0
1408,1553,0
1408,1828,0
1409,1553,0
1409,1828,0
1409,1826,0
1409,1827,0
1410,1655,0
1411,2218,0
1412,1483,0
1412,1735,0
1412,2450,0
1412,1743,0
1413,1931,0
1413,1932,0
1413,1933,0
1413,1934,0
1413,1935,0
1413,1936,0
1413,1542,0
1414,1415,0
1414,2270,0
1415,2269,0
1416,1921,0
1416,1922,0
1416,1923,0
1416,1924,0
1416,1925,0
1416,1926,0
1416,1468,0
1416,1602,0
1417,1703,0
1417,2350,0
1417,1529,0
1417,1452,0
1417,2260,0
1419,2259,0
1419,2260,0
1420,2394,0
1420,2396,0
1420,1421,0
1421,1975,0
1421,2394,0
1421,2110,0
1421,2109,0
1423,1692,0
1424,1813,0
1424,1621,0
1425,1618,0
1426,1751,0
1427,1742,0
1427,2446,0
1427,1725,0
1428,2376,0
1428,1429,0
1428,2520,0
1428,2336,0
1428,2524,0
1428,1534,0
1429,2520,0
1429,1534,0
1430,1718,0
1431,2409,1
1432,1950,0
1432,2663,0
1433,2359,0
1434,1986,0
1435,1927,0
1435,2059,0
1435,2071,0
1435,2578,1
1436,2259,0
1437,1688,0
1438,2664,0
1439,2676,0
1440,1701,0
1440,2362,1
1441,2271,0
1441,2272,0
1441,1619,0
1441,1707,0
1441,1700,0
1441,2273,0
1441,2274,0
1441,1954,0
1441,1957,0
1441,1958,0
1441,2275,0
1442,2462,0
1443,2645,0
1443,2399,0
1443,2240,0
1444,2323,0
1444,2082,1
1445,1446,0
1446,1949,1
1447,1928,0
1448,2034,0
1448,2045,0
1449,2681,0
1451,2564,0
1453,1701,0
1453,1986,0
1455,1537,0
1456,1457,0
1459,2218,0
1459,2080,0
1460,2358,0
1460,2349,0
1461,2248,0
1461,1634,0
1462,1611,0
1462,1663,0
1463,2131,0
1463,2132,0
1463,1695,0
1463,2133,0
1464,1914,0
1464,1482,0
1464,1683,0
1464,2663,1
1465,1799,0
1465,1488,0
1467,2172,0
1469,1692,0
1469,2349,0
1469,1498,0
1469,2346,0
1469,2358,0
1469,2590,0
1470,1824,0
1470,1953,0
1470,1555,0
1470,2553,0
1471,1646,0
1472,2187,0
1472,1692,0
1472,2681,1
1473,2707,0
1473,2706,0
1474,2261,0
1474,2335,0
1474,1908,0
1475,2469,0
1475,2470,0
1477,1542,0
1477,2066,0
1477,2067,0
1478,1902,0
1479,1701,0
1479,1894,0
1481,2335,0
1481,2332,0
1481,1669,0
1482,1973,0
1482,2132,0
1483,2208,0
1483,1620,0
1483,1726,0
1483,1735,0
1483,1743,0
1483,2113,0
1483,2083,0
1484,2383,0
1484,2498,0
1484,2520,0
1484,1676,1
1485,1914,0
1486,1745,0
1487,1849,0
1487,2017,0
1487,2137,0
1487,1501,0
1488,2601,0
1489,2398,1
1490,2327,0
1490,2085,0
1492,1765,0
1497,2034,0
1498,2025,0
1498,2349,0
1498,2590,0
1499,1776,0
1500,1538,0
1500,2185,0
1501,2395,0
1501,1676,0
1501,2228,0
1502,2163,0
1502,1503,0
1503,2241,0
1503,2243,0
1504,2209,0
1504,1647,0
1504,2003,1
1505,1624,0
1505,2086,0
1505,1699,0
1505,1801,0
1505,1788,0
1505,1552,0
1505,2107,0
1506,2341,1
1507,1645,0
1507,2436,0
1508,2117,0
1508,1894,0
1509,2271,1
1510,2387,0
1511,1519,0
1512,2023,0
1512,2145,0
1513,1830,0
1514,1692,0
1514,2163,1
1515,2182,0
1515,2234,0
1516,2612,0
1519,2335,0
1519,2108,0
1519,1534,0
1519,2640,0
1520,1765,0
1520,1750,0
1522,1697,0
1522,2680,0
1523,2449,0
1523,1593,1
1524,1693,0
1524,2499,0
1524,1986,1
1525,1914,0
1525,1973,0
1526,1879,0
1526,1977,0
1526,2099,0
1526,1981,0
1526,2425,0
1527,1668,0
1527,2450,0
1527,2274,0
1529,1984,0
1529,2350,0
1529,1908,0
1530,2464,0
1530,2240,0
1531,1889,0
1532,2648,0
1532,2633,1
1533,2671,0
1533,1744,1
1535,2155,0
1535,2293,0
1535,1916,0
1536,2580,0
1536,2702,0
1538,1842,0
1538,2185,0
1539,1914,0
1540,1628,0
1540,2054,0
1542,1939,0
1542,1940,0
1542,1931,0
1542,1941,0
1542,1607,0
1542,1942,0
1542,1935,0
1542,1943,0
1542,1936,0
1542,1577,0
1543,2029,0
1543,1881,0
1545,2248,0
1546,2169,0
1546,1804,0
1547,2169,0
1548,2067,1
1549,1901,0
1549,2286,0
1550,2083,0
1552,2591,0
1552,1778,0
1553,1827,0
1554,1657,0
1554,2687,0
1554,2686,0
1554,2688,0
1555,2363,0
1555,1953,0
1556,2555,1
1557,2168,0
1557,2083,0
1558,2338,0
1558,2339,0
1558,1986,0
1558,2340,0
1559,2029,1
1560,1623,0
1561,1623,0
1562,1765,0
1563,2633,0
1564,1772,0
1564,1786,0
1565,2365,0
1565,2272,1
1566,1895,0
1566,2071,0
1566,1732,0
1567,1874,0
1567,2500,0
1567,1654,0
1568,1729,0
1569,1966,0
1572,1776,0
1572,2682,1
1573,2698,0
1574,1986,0
1575,1986,1
1576,1810,0
1578,2497,0
1579,2029,0
1580,2199,0
1580,2200,0
1580,1892,0
1581,1810,0
1581,1819,0
1583,2025,0
1583,1995,0
1584,1798,0
1585,1653,0
1585,2136,1
1586,2168,0
1587,2154,0
1588,2333,0
1588,2055,0
1588,1788,1
1589,2596,0
1589,1745,0
1591,2541,0
1592,1914,0
1592,2071,0
1592,2485,0
1595,2246,0
1596,2476,0
1598,2367,0
1599,2614,0
1599,2460,0
1599,2441,0
1601,1750,0
1602,2072,0
1602,2073,0
1602,2074,0
1602,2054,0
1603,1883,1
1605,1950,0
1605,2663,0
1606,2043,1
1608,2124,0
1608,2126,0
1608,2489,0
1608,2508,1
1609,1790,0
1609,1791,0
1609,1912,0
1610,2556,0
1610,2557,0
1610,2558,0
1611,2124,0
1614,2034,0
1614,1671,0
1615,1665,0
1616,2050,0
1616,1849,0
1618,1789,0
1618,2352,1
1619,2269,0
1620,2450,0
1622,2425,0
1623,1767,0
1623,1768,0
1623,1769,0
1623,1770,0
1623,1771,0
1623,1772,0
1623,1773,0
1623,1774,0
1623,1775,0
1623,1776,0
1623,1777,0
1623,1778,0
1623,1779,0
1623,1780,0
1623,1781,0
1623,1782,0
1623,1783,0
1623,1784,0
1624,1785,0
1624,1786,0
1624,1705,0
1624,1787,0
1624,1777,0
1624,1788,0
1624,1778,0
1624,1779,0
1624,1780,0
1625,1729,0
1627,1740,0
1628,2053,0
1628,1635,0
1628,2054,0
1628,2055,0
1628,2056,0
1628,2057,0
1628,2021,0
1628,2172,0
1629,1711,0
1629,1659,0
1630,2227,0
1631,2196,0
1631,2003,1
1632,1756,0
1634,2393,0
1635,2383,0
1636,1701,0
1636,2139,0
1636,2141,0
1637,1973,0
1637,2537,1
1639,1688,0
1639,2679,0
1641,2495,0
1642,2657,0
1642,2658,0
1647,2160,0
1647,2209,0
1651,2045,0
1652,1972,0
1652,1848,0
1653,2370,1
1654,2034,0
1654,1952,0
1655,1842,0
1655,2295,0
1655,2136,0
1655,2384,0
1655,1894,0
1655,1839,0
1655,2282,0
1656,1798,0
1657,2686,0
1657,2688,0
1658,2018,0
1658,2561,1
1660,2154,0
1661,1851,0
1662,1666,0
1662,2381,0
1662,2398,0
1663,2577,0
1664,2147,0
1665,1701,0
1665,2034,0
1666,2381,0
1667,2588,1
1668,2222,1
1669,2332,0
1669,1892,0
1671,1929,0
1671,1968,0
1671,2136,0
1671,2137,0
1672,2445,1
1673,2660,0
1673,2344,1
1674,1914,0
1674,2608,0
1675,1914,0
1675,1676,0
1676,1914,0
1676,1975,0
1677,1908,0
1678,1746,0
1678,2259,1
1679,2140,0
1680,2056,0
1680,2576,0
1681,2318,0
1681,2319,0
1681,2320,0
1682,2321,0
1682,2189,0
1682,2291,0
1682,2319,0
1682,2320,0
1683,1973,0
1683,2132,0
1684,2486,0
1684,2513,0
1685,2083,0
1686,2647,0
1686,1871,1
1687,1721,0
1688,2671,0
1690,2112,0
1692,2345,0
1692,2186,0
1692,2302,0
1692,2346,0
1692,2187,0
1692,2347,0
1692,2348,0
1692,2349,0
1693,2408,0
1695,2133,0
1696,1713,0
1697,1986,0
1697,2253,0
1698,2160,0
1698,1934,1
1700,2706,1
1701,1852,0
1701,1853,0
1701,1854,0
1701,1855,0
1701,1856,0
1701,1857,0
1701,1858,0
1701,1859,0
1701,1860,0
1701,1861,0
1701,1862,0
1701,1799,0
1701,1863,0
1701,1864,0
1701,1820,0
1701,1865,0
1701,1866,0
1701,1846,0
1701,1867,0
1701,1868,0
1701,1869,0
1701,1870,0
1701,1871,0
1701,1872,0
1701,1873,0
1701,1874,0
1701,1875,0
1701,1876,0
1701,1877,0
1701,2007,1
1702,1703,0
1702,1970,0
1702,1971,0
1702,1966,0
1702,2238,0
1702,1982,1
1703,1967,0
1703,1906,0
1703,1968,0
1703,1969,0
1703,1970,0
1703,1971,0
1703,1966,0
1703,2238,0
1704,1986,0
1704,1912,0
1704,2077,0
1704,2334,1
1705,2081,0
1705,2322,0
1706,2585,0
1708,1857,0
1708,2313,0
1708,2314,0
1709,1986,0
1709,2365,0
1709,1738,0
1709,1739,0
1710,2444,0
1711,1765,0
1711,1730,0
1711,1731,0
1712,2446,0
1712,1725,0
1713,1898,0
1714,1727,0
1716,2446,0
1717,2560,0
1717,1731,0
1718,2685,0
1719,1765,0
1720,1765,0
1721,2476,0
1721,1761,0
1723,1724,0
1724,2216,0
1724,2215,0
1725,2413,0
1725,2596,0
1725,1734,0
1725,1740,0
1725,1745,0
1725,2334,0
1725,2597,0
1726,2168,0
1728,2257,0
1728,2555,0
1728,2599,0
1731,1755,0
1734,2597,0
1735,1776,0
1735,2324,0
1736,1763,0
1737,2616,0
1737,1888,0
1738,2365,0
1738,2366,0
1739,1886,0
1739,1750,0
1739,2221,0
1739,1766,0
1740,2389,0
1740,2390,0
1740,2391,0
1740,2392,0
1740,1804,0
1741,2593,0
1742,2443,0
1742,2307,0
1742,2444,0
1742,1749,0
1742,2445,0
1742,1758,0
1742,2496,1
1743,2450,0
1743,2113,0
1743,1970,1
1744,1765,0
1745,2596,0
1749,2446,0
1749,2209,1
1750,1765,0
1750,1766,0
1751,2596,0
1752,1754,0
1755,1765,0
1756,2642,0
1757,2451,0
1758,2466,0
1761,2175,0
1765,2492,0
1767,1783,0
1768,1837,0
1768,2325,0
1770,2080,0
1771,1778,0
1772,2045,0
1772,1782,0
1773,1789,0
1773,1780,0
1776,2045,0
1776,2078,0
1776,2324,0
1777,2143,0
1778,2327,0
1779,2318,0
1781,1998,0
1781,2107,0
1782,1798,0
1782,2326,0
1784,2045,0
1784,2096,0
1787,1810,0
1787,2045,0
1787,2143,0
1791,2045,0
1792,2485,0
1793,2656,1
1794,1796,0
1794,1795,0
1795,1796,0
1795,2299,0
1795,2464,0
1796,2297,0
1797,2088,0
1801,2451,0
1801,2203,0
1802,2079,0
1804,2451,0
1806,1809,0
1806,1899,1
1807,2034,0
1808,1810,0
1809,1810,0
1810,1811,0
1810,1812,0
1810,1813,0
1810,1814,0
1810,1815,0
1810,1816,0
1810,1817,0
1810,1818,0
1810,1819,0
1810,1820,0
1810,1821,0
1810,1822,0
1810,1823,0
1810,1869,0
1811,1822,0
1812,1986,0
1812,2034,0
1812,2550,0
1812,2031,1
1815,1950,0
1817,2171,1
1818,2305,0
1818,2306,0
1819,1948,0
1819,2653,1
1820,1873,0
1820,2498,1
1824,1825,0
1824,1826,0
1826,1827,0
1826,1829,0
1827,1828,0
1829,1902,0
1830,2045,0
1833,1834,0
1834,2359,0
1835,2157,0
1835,2160,0
1838,2182,0
1838,2219,0
1839,2424,0
1839,2453,0
1840,2071,0
1841,2056,0
1842,2405,0
1842,2281,0
1842,1979,0
1842,1980,0
1844,2276,0
1845,2624,1
1846,2117,0
1846,1867,0
1846,2357,0
1848,1909,0
1848,2419,0
1849,1914,0
1849,2636,1
1851,2485,0
1852,2045,0
1856,2045,0
1856,2096,0
1859,1986,0
1862,2582,0
1867,2117,0
1869,2309,0
1870,1986,0
1873,1986,0
1874,2500,0
1874,2501,0
1875,1986,0
1876,1986,0
1877,2573,0
1878,2256,0
1881,1958,0
1884,1958,0
1884,1885,0
1885,2644,0
1887,1888,0
1889,1890,0
1889,1891,0
1889,1892,0
1889,1893,0
1889,2034,0
1889,2130,0
1889,2039,0
1890,2130,0
1891,2034,0
1891,2130,0
1892,2423,1
1894,2034,0
1894,2117,0
1894,2118,0
1896,1897,0
1896,2668,1
1897,1903,0
1899,1902,0
1899,2491,0
1899,2510,0
1900,2608,0
1901,1954,0
1901,2284,0
1901,2286,0
1901,2411,1
1902,1903,0
1902,1904,0
1903,2269,0
1903,1960,0
1903,2592,0
1903,2159,1
1904,1960,0
1905,1914,0
1906,1964,0
1906,2059,0
1906,1907,0
1909,2305,0
1911,2553,0
1912,2404,0
1912,2102,0
1912,2103,0
1914,1915,0
1914,1916,0
1914,1917,0
1914,1918,0
1914,1919,0
1914,1920,0
1914,2388,0
1914,2506,1
1914,2698,1
1914,2408,1
1915,2649,0
1917,2457,0
1920,1926,0
1920,2310,0
1920,2422,0
1920,2653,0
1921,2488,1
1923,1927,0
1924,1927,0
1925,2620,0
1926,2051,0
1926,2052,0
1926,2189,0
1927,1928,0
1927,1929,0
1927,1930,0
1928,2317,0
1928,2475,0
1929,2034,0
1932,1936,0
1934,2477,1
1937,1938,0
1941,2508,0
1944,1945,0
1944,1946,0
1944,1950,0
1944,2670,1
1944,2432,1
1945,1947,0
1945,1946,0
1946,1950,0
1947,1950,0
1948,1950,0
1951,1952,0
1951,2204,0
1951,2206,0
1952,2204,0
1952,2205,0
1952,2206,0
1952,2625,1
1953,1995,1
1953,2540,1
1954,1955,0
1954,1956,0
1954,1957,0
1954,1958,0
1954,2275,0
1955,2235,0
1955,1956,0
1957,2241,0
1957,2630,0
1959,2621,0
1960,2491,0
1962,1963,0
1964,1965,0
1964,1966,0
1964,2552,1
1964,2689,1
1966,1971,0
1968,2034,0
1969,2236,0
1969,2238,0
1973,1974,0
1973,1975,0
1973,1976,0
1975,2109,0
1975,2110,0
1977,2128,1
1979,2178,0
1979,2405,0
1979,1980,0
1980,2405,0
1980,2144,1
1983,2034,0
1985,1988,1
1986,1987,0
1986,1988,0
1986,1989,0
1986,1990,0
1986,1991,0
1986,1992,0
1986,1993,0
1986,1994,0
1986,1995,0
1986,1996,0
1986,1997,0
1986,1998,0
1986,1999,0
1986,2000,0
1986,2001,0
1986,2002,0
1986,2003,0
1986,2004,0
1986,2005,0
1986,2006,0
1986,2007,0
1986,2008,0
1986,2009,0
1987,2509,0
1987,2004,0
1991,2325,0
1996,2063,0
1996,2064,0
1997,2412,0
1998,2326,0
2001,2335,0
2001,2378,0
2001,2044,0
2001,2348,0
2001,2379,0
2001,2380,0
2001,2121,0
2001,2002,0
2001,2003,0
2001,2123,0
2001,2381,0
2002,2379,0
2003,2123,0
2006,2477,0
2007,2696,1
2008,2301,0
2009,2025,0
2010,2016,0
2015,2071,0
2016,2071,0
2016,2526,1
2017,2467,0
2017,2673,1
2018,2019,0
2021,2418,0
2022,2190,0
2023,2217,0
2024,2178,0
2024,2156,0
2025,2026,0
2025,2027,0
2025,2028,0
2026,2045,0
2026,2096,0
2027,2360,0
2030,2112,0
2031,2436,0
2033,2461,1
2034,2035,0
2034,2036,0
2034,2037,0
2034,2038,0
2034,2039,0
2034,2040,0
2034,2041,0
2034,2042,0
2034,2130,0
2039,2042,0
2040,2122,0
2040,2120,0
2043,2406,0
2045,2046,0
2045,2047,0
2045,2048,0
2046,2048,0
2050,2485,0
2051,2364,0
2053,2237,1
2054,2133,0
2055,2198,0
2056,2311,0
2056,2576,0
2058,2150,0
2060,2538,1
2065,2066,0
2065,2067,0
2066,2122,0
2068,2119,1
2069,2070,0
2071,2548,1
2072,2182,0
2074,2181,0
2074,2277,0
2075,2076,0
2075,2077,0
2075,2091,0
2075,2667,0
2075,2668,0
2076,2077,0
2076,2667,0
2076,2462,1
2083,2168,0
2085,2089,0
2086,2094,0
2093,2397,1
2094,2106,0
2094,2611,1
2095,2329,0
2095,2145,0
2095,2504,0
2097,2098,0
2099,2425,0
2100,2101,0
2100,2692,1
2100,2301,1
2102,2385,0
2103,2385,0
2109,2110,0
2112,2436,0
2112,2332,1
2113,2450,0
2114,2588,0
2114,2509,0
2114,2519,0
2115,2117,0
2115,2519,0
2117,2118,0
2117,2258,1
2120,2637,0
2121,2122,0
2122,2123,0
2123,2380,0
2124,2125,0
2124,2126,0
2124,2127,0
2125,2126,0
2127,2130,0
2128,2129,0
2130,2249,0
2131,2182,0
2131,2133,0
2133,2182,0
2135,2282,0
2137,2318,1
2139,2140,0
2139,2141,0
2141,2142,0
2144,2145,0
2144,2329,0
2144,2504,0
2144,2331,0
2146,2147,0
2146,2148,0
2147,2486,0
2151,2423,0
2152,2385,0
2153,2155,0
2155,2293,0
2155,2294,0
2155,2295,0
2157,2158,0
2157,2159,0
2157,2160,0
2159,2160,0
2160,2161,0
2162,2163,0
2164,2217,0
2164,2282,0
2168,2169,0
2168,2579,1
2170,2171,0
2172,2182,0
2173,2174,0
2175,2176,0
2177,2367,0
2177,2371,0
2180,2183,0
2180,2182,0
2181,2196,0
2181,2197,0
2181,2202,0
2182,2231,0
2182,2232,0
2182,2198,0
2182,2233,0
2184,2484,1
2184,2398,1
2186,2199,0
2193,2194,0
2194,2195,0
2199,2200,0
2199,2201,0
2203,2511,0
2203,2330,0
2204,2521,0
2207,2241,0
2210,2504,1
2211,2356,0
2212,2216,0
2212,2531,1
2214,2216,0
2215,2216,0
2216,2588,1
2220,2221,0
2220,2525,0
2221,2507,0
2222,2224,0
2222,2225,0
2223,2224,0
2224,2226,0
2224,2225,0
2227,2228,0
2228,2394,0
2228,2395,0
2230,2296,0
2231,2292,0
2232,2577,1
2233,2291,0
2233,2468,1
2236,2237,0
2237,2238,0
2238,2239,0
2238,2240,0
2240,2399,0
2241,2242,0
2242,2539,0
2243,2244,0
2243,2245,0
2243,2246,0
2245,2246,0
2246,2247,0
2247,2509,0
2247,2543,0
2248,2249,0
2249,2518,0
2249,2671,0
2251,2252,0
2252,2432,1
2255,2451,1
2259,2335,0
2259,2337,0
2263,2490,0
2266,2267,0
2266,2364,0
2266,2321,0
2268,2291,0
2269,2270,0
2270,2375,0
2273,2560,1
2279,2466,0
2281,2405,0
2284,2285,0
2285,2286,0
2287,2288,0
2289,2464,0
2290,2464,0
2290,2496,0
2291,2292,0
2297,2298,0
2297,2299,0
2303,2541,0
2304,2385,0
2305,2306,0
2306,2552,0
2308,2559,0
2311,2576,0
2327,2328,0
2329,2330,0
2329,2331,0
2335,2336,0
2336,2524,0
2338,2555,0
2339,2340,0
2343,2344,0
2344,2475,0
2346,2349,0
2349,2358,0
2355,2356,0
2355,2357,0
2356,2357,0
2359,2372,0
2360,2578,0
2367,2368,0
2367,2369,0
2367,2370,0
2367,2371,0
2368,2370,0
2369,2370,0
2378,2693,1
2382,2383,0
2389,2451,0
2390,2451,0
2390,2391,0
2391,2451,0
2392,2451,0
2393,2416,1
2394,2395,0
2394,2396,0
2394,2397,0
2398,2493,0
2399,2434,0
2401,2434,0
2401,2435,0
2402,2403,0
2410,2411,0
2413,2414,0
2413,2415,0
2415,2597,0
2416,2417,0
2425,2426,0
2426,2617,1
2427,2428,0
2430,2577,1
2431,2432,0
2434,2544,1
2437,2438,0
2439,2530,0
2439,2652,0
2440,2530,0
2442,2530,0
2442,2614,0
2444,2503,0
2445,2503,0
2446,2447,0
2446,2448,0
2451,2452,0
2452,2685,0
2457,2458,0
2457,2649,0
2459,2689,0
2464,2465,0
2466,2580,1
2467,2468,0
2471,2493,0
2473,2648,0
2476,2651,0
2483,2484,0
2484,2690,1
2487,2671,1
2494,2495,0
2509,2519,0
2514,2515,0
2515,2530,0
2515,2587,1
2516,2517,0
2518,2538,0
2522,2656,0
2527,2694,1
2534,2535,0
2539,2540,0
2539,2632,0
2546,2582,1
2554,2689,0
2555,2599,0
2560,2561,0
2565,2566,0
2565,2567,0
2570,2572,0
2570,2573,0
2572,2611,1
2576,2661,1
2594,2680,0
2601,2609,0
2602,2603,0
2615,2696,0
2618,2619,0
2624,2701,0
2625,2626,0
2630,2699,0
2634,2635,0
2634,2636,0
2636,2693,0
2654,2655,0
2665,2666,0
2667,2668,0
2670,2679,0
2671,2672,0
2671,2673,0
2671,2674,0
2671,2675,0
2674,2675,0
2679,2682,0
2681,2683,0
2687,2688,0
2694,2695,0
2706,2707,0
